<?xml version="1.0" encoding="UTF-8"?>
<project-private xmlns="http://www.netbeans.org/ns/project-private/1">
    <editor-bookmarks xmlns="http://www.netbeans.org/ns/editor-bookmarks/2" lastBookmarkId="0"/>
    <open-files xmlns="http://www.netbeans.org/ns/projectui-open-files/2">
        <group>
            <file>file:/C:/Users/João%20Henrique/Documents/NetBeansProjects/torreHanoiA3%20(4)/torreHanoiA3%20(3)/torreHanoiA3/src/torrehanoia3/TorreHanoiA3.java</file>
            <file>file:/C:/Users/João%20Henrique/Documents/NetBeansProjects/torreHanoiA3%20(4)/torreHanoiA3%20(3)/torreHanoiA3/src/torrehanoia3/Pilha.java</file>
        </group>
    </open-files>
</project-private>
